{
    "name": "root",
    "gauges": {
        "CarAgent.Policy.Entropy.mean": {
            "value": 2.0331225395202637,
            "min": 2.0331225395202637,
            "max": 2.0930016040802,
            "count": 3
        },
        "CarAgent.Environment.EpisodeLength.mean": {
            "value": 81.79824561403508,
            "min": 71.9136690647482,
            "max": 87.25688073394495,
            "count": 3
        },
        "CarAgent.Policy.ExtrinsicValueEstimate.mean": {
            "value": -1.4684978723526,
            "min": -2.344153642654419,
            "max": -1.4684978723526,
            "count": 3
        },
        "CarAgent.Environment.CumulativeReward.mean": {
            "value": -1.1294495431316638,
            "min": -1.164861234243502,
            "max": -1.0552890235173964,
            "count": 3
        },
        "CarAgent.Policy.ExtrinsicReward.mean": {
            "value": -1.1294495431316638,
            "min": -1.164861234243502,
            "max": -1.0552890235173964,
            "count": 3
        },
        "CarAgent.Losses.ValueLoss.mean": {
            "value": 0.149471715092659,
            "min": 0.149471715092659,
            "max": 0.39397934079170227,
            "count": 3
        },
        "CarAgent.Losses.PolicyLoss.mean": {
            "value": 0.030626440420746803,
            "min": 0.030626440420746803,
            "max": 0.03419316187500954,
            "count": 3
        },
        "CarAgent.Policy.LearningRate.mean": {
            "value": 0.00029625758179463446,
            "min": 0.00029625758179463446,
            "max": 0.0002990566717926413,
            "count": 3
        },
        "CarAgent.Policy.Epsilon.mean": {
            "value": 0.1987525224685669,
            "min": 0.1987525224685669,
            "max": 0.19968554377555847,
            "count": 3
        },
        "CarAgent.Policy.Beta.mean": {
            "value": 0.0049377502873539925,
            "min": 0.0049377502873539925,
            "max": 0.0049843089655041695,
            "count": 3
        },
        "CarAgent.IsTraining.mean": {
            "value": 1.0,
            "min": 1.0,
            "max": 1.0,
            "count": 3
        }
    },
    "metadata": {
        "timer_format_version": "0.1.0",
        "start_time_seconds": "1608411521",
        "python_version": "3.7.9 (default, Aug 31 2020, 17:10:11) [MSC v.1916 64 bit (AMD64)]",
        "command_line_arguments": "D:\\Anaconda\\Scripts\\mlagents-learn ./trainer_config.yaml --run-id carchase04 --force",
        "mlagents_version": "0.19.0",
        "mlagents_envs_version": "0.19.0",
        "communication_protocol_version": "1.0.0",
        "tensorflow_version": "2.3.1",
        "numpy_version": "1.18.5",
        "end_time_seconds": "1608411591"
    },
    "total": 69.8764462,
    "count": 1,
    "self": 0.03130460000001278,
    "children": {
        "run_training.setup": {
            "total": 0.5191220000000012,
            "count": 1,
            "self": 0.5191220000000012
        },
        "TrainerController.start_learning": {
            "total": 69.3260196,
            "count": 1,
            "self": 0.09031959999973083,
            "children": {
                "TrainerController._reset_env": {
                    "total": 12.5953457,
                    "count": 1,
                    "self": 12.5953457
                },
                "TrainerController.advance": {
                    "total": 54.03495210000026,
                    "count": 2368,
                    "self": 0.03186980000064921,
                    "children": {
                        "env_step": {
                            "total": 54.00308229999961,
                            "count": 2368,
                            "self": 51.25184399999975,
                            "children": {
                                "SubprocessEnvManager._take_step": {
                                    "total": 2.721885799999935,
                                    "count": 2368,
                                    "self": 0.06410849999983625,
                                    "children": {
                                        "TFPolicy.evaluate": {
                                            "total": 2.657777300000099,
                                            "count": 2084,
                                            "self": 2.657777300000099
                                        }
                                    }
                                },
                                "workers": {
                                    "total": 0.02935249999992351,
                                    "count": 2367,
                                    "self": 0.0,
                                    "children": {
                                        "worker_root": {
                                            "total": 59.33057610000016,
                                            "count": 2367,
                                            "is_parallel": true,
                                            "self": 15.010902300000282,
                                            "children": {
                                                "steps_from_proto": {
                                                    "total": 0.03889880000000012,
                                                    "count": 1,
                                                    "is_parallel": true,
                                                    "self": 0.002868900000000174,
                                                    "children": {
                                                        "_process_vector_observation": {
                                                            "total": 0.03602989999999995,
                                                            "count": 2,
                                                            "is_parallel": true,
                                                            "self": 0.03602989999999995
                                                        }
                                                    }
                                                },
                                                "UnityEnvironment.step": {
                                                    "total": 44.28077499999988,
                                                    "count": 2367,
                                                    "is_parallel": true,
                                                    "self": 0.19859899999975994,
                                                    "children": {
                                                        "UnityEnvironment._generate_step_input": {
                                                            "total": 1.0605754000001184,
                                                            "count": 2367,
                                                            "is_parallel": true,
                                                            "self": 1.0605754000001184
                                                        },
                                                        "communicator.exchange": {
                                                            "total": 42.12408539999988,
                                                            "count": 2367,
                                                            "is_parallel": true,
                                                            "self": 42.12408539999988
                                                        },
                                                        "steps_from_proto": {
                                                            "total": 0.8975152000001181,
                                                            "count": 2367,
                                                            "is_parallel": true,
                                                            "self": 0.3859471999998796,