{
    "name": "root",
    "metadata": {
        "timer_format_version": "0.1.0",
        "start_time_seconds": "1607472848",
        "python_version": "3.7.9 (default, Aug 31 2020, 17:10:11) [MSC v.1916 64 bit (AMD64)]",
        "command_line_arguments": "D:\\Anaconda\\Scripts\\mlagents-learn ./trainer_config.yaml --run-id carchase01 --force",
        "mlagents_version": "0.22.0",
        "mlagents_envs_version": "0.22.0",
        "communication_protocol_version": "1.2.0",
        "pytorch_version": "1.7.0",
        "numpy_version": "1.18.5",
        "end_time_seconds": "1607491687"
    },
    "total": 18835.8193481,
    "count": 1,
    "self": 7.511411800001952,
    "children": {
        "run_training.setup": {
            "total": 0.009850199999999809,
            "count": 1,
            "self": 0.009850199999999809
        },
        "TrainerController.start_learning": {
            "total": 18828.2980861,
            "count": 1,
            "self": 9.50657280055384,
            "children": {
                "TrainerController._reset_env": {
                    "total": 12.49076,
                    "count": 1,
                    "self": 12.49076
                },
                "TrainerController.advance": {
                    "total": 18797.126647299447,
                    "count": 353339,
                    "self": 5.227611399572197,
                    "children": {
                        "env_step": {
                            "total": 18791.899035899874,
                            "count": 353339,
                            "self": 16637.253098400026,
                            "children": {
                                "SubprocessEnvManager._take_step": {
                                    "total": 2149.4384959997574,
                                    "count": 353339,
                                    "self": 21.661101099172356,
                                    "children": {
                                        "TorchPolicy.evaluate": {
                                            "total": 2127.777394900585,
                                            "count": 352876,
                                            "self": 229.0368042011246,
                                            "children": {
                                                "TorchPolicy.sample_actions": {
                                                    "total": 1898.7405906994604,
                                                    "count": 352876,
                                                    "self": 1898.7405906994604
                                                }
                                            }
                                        }
                                    }
                                },
                                "workers": {
                                    "total": 5.207441500092189,
                                    "count": 353338,
                                    "self": 0.0,
                                    "children": {
                                        "worker_root": {
                                            "total": 18734.35661679988,
                                            "count": 353338,
                                            "is_parallel": true,
                                            "self": 3597.5074487001166,
                                            "children": {
                                                "steps_from_proto": {
                                                    "total": 0.0005074000000000467,
                                                    "count": 1,
                                                    "is_parallel": true,
                                                    "self": 0.0002041000000012616,
                                                    "children": {
                                                        "_process_vector_observation": {
                                                            "total": 0.0003032999999987851,
                                                            "count": 6,
                                                            "is_parallel": true,
                                                            "self": 0.0003032999999987851
                                                        }
                                                    }
                                                },
                                                "UnityEnvironment.step": {
                                                    "total": 15136.848660699763,
                                                    "count": 353338,
                                                    "is_parallel": true,
                                                    "self": 33.209185199146305,
                                                    "children": {
                                                        "UnityEnvironment._generate_step_input": {
                                                            "total": 68.76781269963598,
                                                            "count": 353338,
                                                            "is_parallel": true,
                                                            "self": 68.76781269963598
                                                        },
                                                        "communicator.exchange": {
                                                            "total": 14883.305493700364,
                                                            "count": 353338,
                                                            "is_parallel": true,
                                                            "self": 14883.305493700364
                                                        },
                                                        "steps_from_proto": {
                                                            "total": 151.5661691006166,
                                                            "count": 353338,
                                                            "is_parallel": true,
                                                            "self": 67.66893499954121,
                                                            "children": {
                                                                "_process_vector_observation": {
                                                                    "total": 83.8972341010754,
                                                                    "count": 2120028,
                                                                    "is_parallel": true,
                                                                    "self": 83.8972341010754
                                                                }
                                                            }
                                                        }
                                                    }
                                                }
                                            }
                                        }
                                    }
                                }
                            }
                        }
                    }
                },
                "TrainerController._save_models": {
                    "total": 9.174105999998574,
                    "count": 1,
                    "self": 0.22696719999657944,
                    "children": {
                        "RLTrainer._checkpoint": {
                            "total": 8.947138800001994,
                            "count": 1,
                            "self": 8.947138800001994
                        }
                    }
                }
            }
        }
    }
}